 {
  "c6": [    
 [
   24.632140069541194      ,
   4.1467886835624164      ,
   3.6948852068984870      ,
   25.631911575295657      ,
   4.1009670637870856      ,
   4.1978652501308504     
 ],
 [
   4.1467886835624164      ,
  0.72422622434049178      ,
  0.64530072900906399      ,
   4.3151015133265886      ,
  0.71622359357836296      ,
  0.73314661835642703     
 ],
 [
   3.6948852068984870      ,
  0.64530072900906399      ,
  0.57497646035107453      ,
   3.8448558544840452      ,
  0.63817021744895763      ,
  0.65324898684351762     
 ],
 [
   25.631911575295657      ,
   4.3151015133265886      ,
   3.8448558544840452      ,
   26.672261896740597      ,
   4.2674200528221338      ,
   4.3682512121691239     
 ],
 [
   4.1009670637870856      ,
  0.71622359357836296      ,
  0.63817021744895763      ,
   4.2674200528221338      ,
  0.70830939112352642      ,
  0.72504541809051204     
 ],
 [
   4.1978652501308504      ,
  0.73314661835642703      ,
  0.65324898684351762      ,
   4.3682512121691239      ,
  0.72504541809051204      ,
  0.74217688609237553     
 ]
 ],
  "c8": [    
 [
   497.09000354164050      ,
   64.768204787109397      ,
   57.709977528846558      ,
   517.26593709565805      ,
   64.052522296451073      ,
   65.565963673748598     
 ],
 [
   64.768204787109397      ,
   8.7547000790063834      ,
   7.8006210675167189      ,
   67.397063081643637      ,
   8.6579614774330054      ,
   8.8625329240089137     
 ],
 [
   57.709977528846558      ,
   7.8006210675167189      ,
   6.9505166944849117      ,
   60.052351436969687      ,
   7.7144249480991069      ,
   7.8967023901098363     
 ],
 [
   517.26593709565805      ,
   67.397063081643637      ,
   60.052351436969680      ,
   538.26077325328004      ,
   66.652331957353994      ,
   68.227201977472106     
 ],
 [
   64.052522296451073      ,
   8.6579614774330054      ,
   7.7144249480991069      ,
   66.652331957353994      ,
   8.5622918281880818      ,
   8.7646027797744406     
 ],
 [
   65.565963673748598      ,
   8.8625329240089137      ,
   7.8967023901098363      ,
   68.227201977472120      ,
   8.7646027797744406      ,
   8.9716939609947683     
 ]
 ]
 }
