 {
  "c6": [    
 [
   24.642940713138348      ,
   4.2053492170648514      ,
   4.2053492170898332     
 ],
 [
   4.2053492170648514      ,
  0.74449914102963843      ,
  0.74449914103406845     
 ],
 [
   4.2053492170898332      ,
  0.74449914103406845      ,
  0.74449914103849857     
 ]
 ],
  "c8": [    
 [
   497.30796641245905      ,
   65.682854873177845      ,
   65.682854873568047     
 ],
 [
   65.682854873177860      ,
   8.9997661914656302      ,
   8.9997661915191820     
 ],
 [
   65.682854873568047      ,
   8.9997661915191820      ,
   8.9997661915727356     
 ]
 ],
  "partial_charges": 
 [
 -0.58476900400849186      ,
  0.29238450200562616      ,
  0.29238450200286570     
 ]
 }
