 {
  "c6": [    
 [
   24.834977855185699      ,
   4.2509277887321195      ,
   4.2509277133113264      ,
   5.9540304733945675     
 ],
 [
   4.2509277887321195      ,
  0.75484236827876561      ,
  0.75484235488621221      ,
  0.99952357370411893     
 ],
 [
   4.2509277133113264      ,
  0.75484235488621221      ,
  0.75484234149365903      ,
  0.99952355597036924     
 ],
 [
   5.9540304733945675      ,
  0.99952357370411893      ,
  0.99952355597036924      ,
   1.4430119301900102     
 ]
 ],
  "c8": [    
 [
   501.18338054013702      ,
   66.394741224018745      ,
   66.394740046030236      ,
   72.565943265663563     
 ],
 [
   66.394741224018745      ,
   9.1247987425826160      ,
   9.1247985806887435      ,
   9.4282676783466712     
 ],
 [
   66.394740046030250      ,
   9.1247985806887435      ,
   9.1247984187948727      ,
   9.4282675110684355     
 ],
 [
   72.565943265663577      ,
   9.4282676783466712      ,
   9.4282675110684373      ,
   10.621372037271634     
 ]
 ]
 }
