 {
  "c6": [    
 [
   24.706626631295226      ,
   4.2234750073493670      ,
   4.2301527994694217      ,
   6.0781012135478383     
 ],
 [
   4.2234750073493670      ,
  0.74899514508401832      ,
  0.75017939120068056      ,
   1.0190287663763646     
 ],
 [
   4.2301527994694217      ,
  0.75017939120068056      ,
  0.75136550974451954      ,
   1.0206399662190815     
 ],
 [
   6.0781012135478383      ,
   1.0190287663763646      ,
   1.0206399662190815      ,
   1.5115899393052723     
 ]
 ],
  "c8": [    
 [
   498.59318293009738      ,
   65.965959460042683      ,
   66.070259109858910      ,
   74.078080351814236     
 ],
 [
   65.965959460042683      ,
   9.0541154620763926      ,
   9.0684310436207483      ,
   9.6122555126207008     
 ],
 [
   66.070259109858910      ,
   9.0684310436207483      ,
   9.0827692597201644      ,
   9.6274535767785565     
 ],
 [
   74.078080351814236      ,
   9.6122555126207008      ,
   9.6274535767785565      ,
   11.126144404810335     
 ]
 ]
 }
